{"cameraMode":{"drawMode":0,"name":"Shaded","section":"Shading Mode"},"sceneLighting":true,"audioPlay":false,"sceneViewState":{"m_AlwaysRefresh":false,"showFog":true,"showSkybox":true,"showFlares":true,"showImageEffects":true,"showParticleSystems":true,"showVisualEffectGraphs":true,"m_FxEnabled":true},"in2DMode":false,"pivot":{"x":1.8947476148605347,"y":0.3119204044342041,"z":-0.7554741501808167},"rotation":{"x":0.10792161524295807,"y":-0.2736532390117645,"z":0.030916498973965646,"w":0.9552534818649292},"size":6.236571311950684,"orthographic":true}