{"cameraMode":{"drawMode":0,"name":"Shaded","section":"Shading Mode"},"sceneLighting":true,"audioPlay":false,"sceneViewState":{"m_AlwaysRefresh":false,"showFog":true,"showSkybox":true,"showFlares":true,"showImageEffects":true,"showParticleSystems":true,"showVisualEffectGraphs":true,"m_FxEnabled":true},"in2DMode":false,"pivot":{"x":-4.843997001647949,"y":16.427169799804689,"z":-0.38295379281044009},"rotation":{"x":-0.48596087098121645,"y":-0.4955531060695648,"z":0.4042818546295166,"w":-0.5956776142120361},"size":0.7653516530990601,"orthographic":false}